,Survived,Pclass,Sex,Age,SibSp,Parch,Fare,Cabin,Embarked,Modified_Age,Modified_Cabin,Modified_Sex,Modified_Embarked
0,0,3,male,22.0,1,0,7.25,,S,20.0,1,0,0.0
1,1,1,female,38.0,1,0,71.2833,C85,C,30.0,4,1,2.0
2,1,3,female,26.0,0,0,7.925,,S,20.0,1,1,0.0
3,1,1,female,35.0,1,0,53.1,C123,S,30.0,4,1,0.0
4,0,3,male,35.0,0,0,8.05,,S,30.0,1,0,0.0
5,0,3,male,,0,0,8.4583,,Q,25.252100840336134,1,0,1.0
6,0,1,male,54.0,0,0,51.8625,E46,S,50.0,7,0,0.0
7,0,3,male,2.0,3,1,21.075,,S,0.0,1,0,0.0
8,1,3,female,27.0,0,2,11.1333,,S,20.0,1,1,0.0
9,1,2,female,14.0,1,0,30.0708,,C,10.0,1,1,2.0
10,1,3,female,4.0,1,1,16.7,G6,S,0.0,3,1,0.0
11,1,1,female,58.0,0,0,26.55,C103,S,50.0,4,1,0.0
12,0,3,male,20.0,0,0,8.05,,S,20.0,1,0,0.0
13,0,3,male,39.0,1,5,31.275,,S,30.0,1,0,0.0
14,0,3,female,14.0,0,0,7.8542,,S,10.0,1,1,0.0
15,1,2,female,55.0,0,0,16.0,,S,50.0,1,1,0.0
16,0,3,male,2.0,4,1,29.125,,Q,0.0,1,0,1.0
17,1,2,male,,0,0,13.0,,S,25.252100840336134,1,0,0.0
18,0,3,female,31.0,1,0,18.0,,S,30.0,1,1,0.0
19,1,3,female,,0,0,7.225,,C,25.252100840336134,1,1,2.0
20,0,2,male,35.0,0,0,26.0,,S,30.0,1,0,0.0
21,1,2,male,34.0,0,0,13.0,D56,S,30.0,8,0,0.0
22,1,3,female,15.0,0,0,8.0292,,Q,10.0,1,1,1.0
23,1,1,male,28.0,0,0,35.5,A6,S,20.0,2,0,0.0
24,0,3,female,8.0,3,1,21.075,,S,0.0,1,1,0.0
25,1,3,female,38.0,1,5,31.3875,,S,30.0,1,1,0.0
26,0,3,male,,0,0,7.225,,C,25.252100840336134,1,0,2.0
27,0,1,male,19.0,3,2,263.0,C23 C25 C27,S,10.0,4,0,0.0
28,1,3,female,,0,0,7.8792,,Q,25.252100840336134,1,1,1.0
29,0,3,male,,0,0,7.8958,,S,25.252100840336134,1,0,0.0
30,0,1,male,40.0,0,0,27.7208,,C,40.0,1,0,2.0
31,1,1,female,,1,0,146.5208,B78,C,25.252100840336134,6,1,2.0
32,1,3,female,,0,0,7.75,,Q,25.252100840336134,1,1,1.0
33,0,2,male,66.0,0,0,10.5,,S,60.0,1,0,0.0
34,0,1,male,28.0,1,0,82.1708,,C,20.0,1,0,2.0
35,0,1,male,42.0,1,0,52.0,,S,40.0,1,0,0.0
36,1,3,male,,0,0,7.2292,,C,25.252100840336134,1,0,2.0
37,0,3,male,21.0,0,0,8.05,,S,20.0,1,0,0.0
38,0,3,female,18.0,2,0,18.0,,S,10.0,1,1,0.0
39,1,3,female,14.0,1,0,11.2417,,C,10.0,1,1,2.0
40,0,3,female,40.0,1,0,9.475,,S,40.0,1,1,0.0
41,0,2,female,27.0,1,0,21.0,,S,20.0,1,1,0.0
42,0,3,male,,0,0,7.8958,,C,25.252100840336134,1,0,2.0
43,1,2,female,3.0,1,2,41.5792,,C,0.0,1,1,2.0
44,1,3,female,19.0,0,0,7.8792,,Q,10.0,1,1,1.0
45,0,3,male,,0,0,8.05,,S,25.252100840336134,1,0,0.0
46,0,3,male,,1,0,15.5,,Q,25.252100840336134,1,0,1.0
47,1,3,female,,0,0,7.75,,Q,25.252100840336134,1,1,1.0
48,0,3,male,,2,0,21.6792,,C,25.252100840336134,1,0,2.0
49,0,3,female,18.0,1,0,17.8,,S,10.0,1,1,0.0
50,0,3,male,7.0,4,1,39.6875,,S,0.0,1,0,0.0
51,0,3,male,21.0,0,0,7.8,,S,20.0,1,0,0.0
52,1,1,female,49.0,1,0,76.7292,D33,C,40.0,8,1,2.0
53,1,2,female,29.0,1,0,26.0,,S,20.0,1,1,0.0
54,0,1,male,65.0,0,1,61.9792,B30,C,60.0,6,0,2.0
55,1,1,male,,0,0,35.5,C52,S,25.252100840336134,4,0,0.0
56,1,2,female,21.0,0,0,10.5,,S,20.0,1,1,0.0
57,0,3,male,28.5,0,0,7.2292,,C,20.0,1,0,2.0
58,1,2,female,5.0,1,2,27.75,,S,0.0,1,1,0.0
59,0,3,male,11.0,5,2,46.9,,S,10.0,1,0,0.0
60,0,3,male,22.0,0,0,7.2292,,C,20.0,1,0,2.0
61,1,1,female,38.0,0,0,80.0,B28,,30.0,6,1,0.4645669291338583
62,0,1,male,45.0,1,0,83.475,C83,S,40.0,4,0,0.0
63,0,3,male,4.0,3,2,27.9,,S,0.0,1,0,0.0
64,0,1,male,,0,0,27.7208,,C,25.252100840336134,1,0,2.0
65,1,3,male,,1,1,15.2458,,C,25.252100840336134,1,0,2.0
66,1,2,female,29.0,0,0,10.5,F33,S,20.0,5,1,0.0
67,0,3,male,19.0,0,0,8.1583,,S,10.0,1,0,0.0
68,1,3,female,17.0,4,2,7.925,,S,10.0,1,1,0.0
69,0,3,male,26.0,2,0,8.6625,,S,20.0,1,0,0.0
70,0,2,male,32.0,0,0,10.5,,S,30.0,1,0,0.0
71,0,3,female,16.0,5,2,46.9,,S,10.0,1,1,0.0
72,0,2,male,21.0,0,0,73.5,,S,20.0,1,0,0.0
73,0,3,male,26.0,1,0,14.4542,,C,20.0,1,0,2.0
74,1,3,male,32.0,0,0,56.4958,,S,30.0,1,0,0.0
75,0,3,male,25.0,0,0,7.65,F G73,S,20.0,5,0,0.0
76,0,3,male,,0,0,7.8958,,S,25.252100840336134,1,0,0.0
77,0,3,male,,0,0,8.05,,S,25.252100840336134,1,0,0.0
78,1,2,male,0.83,0,2,29.0,,S,0.0,1,0,0.0
79,1,3,female,30.0,0,0,12.475,,S,30.0,1,1,0.0
80,0,3,male,22.0,0,0,9.0,,S,20.0,1,0,0.0
81,1,3,male,29.0,0,0,9.5,,S,20.0,1,0,0.0
82,1,3,female,,0,0,7.7875,,Q,25.252100840336134,1,1,1.0
83,0,1,male,28.0,0,0,47.1,,S,20.0,1,0,0.0
84,1,2,female,17.0,0,0,10.5,,S,10.0,1,1,0.0
85,1,3,female,33.0,3,0,15.85,,S,30.0,1,1,0.0
86,0,3,male,16.0,1,3,34.375,,S,10.0,1,0,0.0
87,0,3,male,,0,0,8.05,,S,25.252100840336134,1,0,0.0
88,1,1,female,23.0,3,2,263.0,C23 C25 C27,S,20.0,4,1,0.0
89,0,3,male,24.0,0,0,8.05,,S,20.0,1,0,0.0
90,0,3,male,29.0,0,0,8.05,,S,20.0,1,0,0.0
91,0,3,male,20.0,0,0,7.8542,,S,20.0,1,0,0.0
92,0,1,male,46.0,1,0,61.175,E31,S,40.0,7,0,0.0
93,0,3,male,26.0,1,2,20.575,,S,20.0,1,0,0.0
94,0,3,male,59.0,0,0,7.25,,S,50.0,1,0,0.0
95,0,3,male,,0,0,8.05,,S,25.252100840336134,1,0,0.0
96,0,1,male,71.0,0,0,34.6542,A5,C,70.0,2,0,2.0
97,1,1,male,23.0,0,1,63.3583,D10 D12,C,20.0,8,0,2.0
98,1,2,female,34.0,0,1,23.0,,S,30.0,1,1,0.0
99,0,2,male,34.0,1,0,26.0,,S,30.0,1,0,0.0
100,0,3,female,28.0,0,0,7.8958,,S,20.0,1,1,0.0
101,0,3,male,,0,0,7.8958,,S,25.252100840336134,1,0,0.0
102,0,1,male,21.0,0,1,77.2875,D26,S,20.0,8,0,0.0
103,0,3,male,33.0,0,0,8.6542,,S,30.0,1,0,0.0
104,0,3,male,37.0,2,0,7.925,,S,30.0,1,0,0.0
105,0,3,male,28.0,0,0,7.8958,,S,20.0,1,0,0.0
106,1,3,female,21.0,0,0,7.65,,S,20.0,1,1,0.0
107,1,3,male,,0,0,7.775,,S,25.252100840336134,1,0,0.0
108,0,3,male,38.0,0,0,7.8958,,S,30.0,1,0,0.0
109,1,3,female,,1,0,24.15,,Q,25.252100840336134,1,1,1.0
110,0,1,male,47.0,0,0,52.0,C110,S,40.0,4,0,0.0
111,0,3,female,14.5,1,0,14.4542,,C,10.0,1,1,2.0
112,0,3,male,22.0,0,0,8.05,,S,20.0,1,0,0.0
113,0,3,female,20.0,1,0,9.825,,S,20.0,1,1,0.0
114,0,3,female,17.0,0,0,14.4583,,C,10.0,1,1,2.0
115,0,3,male,21.0,0,0,7.925,,S,20.0,1,0,0.0
116,0,3,male,70.5,0,0,7.75,,Q,70.0,1,0,1.0
117,0,2,male,29.0,1,0,21.0,,S,20.0,1,0,0.0
118,0,1,male,24.0,0,1,247.5208,B58 B60,C,20.0,6,0,2.0
119,0,3,female,2.0,4,2,31.275,,S,0.0,1,1,0.0
120,0,2,male,21.0,2,0,73.5,,S,20.0,1,0,0.0
121,0,3,male,,0,0,8.05,,S,25.252100840336134,1,0,0.0
122,0,2,male,32.5,1,0,30.0708,,C,30.0,1,0,2.0
123,1,2,female,32.5,0,0,13.0,E101,S,30.0,7,1,0.0
124,0,1,male,54.0,0,1,77.2875,D26,S,50.0,8,0,0.0
125,1,3,male,12.0,1,0,11.2417,,C,10.0,1,0,2.0
126,0,3,male,,0,0,7.75,,Q,25.252100840336134,1,0,1.0
127,1,3,male,24.0,0,0,7.1417,,S,20.0,1,0,0.0
128,1,3,female,,1,1,22.3583,F E69,C,25.252100840336134,5,1,2.0
129,0,3,male,45.0,0,0,6.975,,S,40.0,1,0,0.0
130,0,3,male,33.0,0,0,7.8958,,C,30.0,1,0,2.0
131,0,3,male,20.0,0,0,7.05,,S,20.0,1,0,0.0
132,0,3,female,47.0,1,0,14.5,,S,40.0,1,1,0.0
133,1,2,female,29.0,1,0,26.0,,S,20.0,1,1,0.0
134,0,2,male,25.0,0,0,13.0,,S,20.0,1,0,0.0
135,0,2,male,23.0,0,0,15.0458,,C,20.0,1,0,2.0
136,1,1,female,19.0,0,2,26.2833,D47,S,10.0,8,1,0.0
137,0,1,male,37.0,1,0,53.1,C123,S,30.0,4,0,0.0
138,0,3,male,16.0,0,0,9.2167,,S,10.0,1,0,0.0
139,0,1,male,24.0,0,0,79.2,B86,C,20.0,6,0,2.0
140,0,3,female,,0,2,15.2458,,C,25.252100840336134,1,1,2.0
141,1,3,female,22.0,0,0,7.75,,S,20.0,1,1,0.0
142,1,3,female,24.0,1,0,15.85,,S,20.0,1,1,0.0
143,0,3,male,19.0,0,0,6.75,,Q,10.0,1,0,1.0
144,0,2,male,18.0,0,0,11.5,,S,10.0,1,0,0.0
145,0,2,male,19.0,1,1,36.75,,S,10.0,1,0,0.0
146,1,3,male,27.0,0,0,7.7958,,S,20.0,1,0,0.0
147,0,3,female,9.0,2,2,34.375,,S,0.0,1,1,0.0
148,0,2,male,36.5,0,2,26.0,F2,S,30.0,5,0,0.0
149,0,2,male,42.0,0,0,13.0,,S,40.0,1,0,0.0
150,0,2,male,51.0,0,0,12.525,,S,50.0,1,0,0.0
151,1,1,female,22.0,1,0,66.6,C2,S,20.0,4,1,0.0
152,0,3,male,55.5,0,0,8.05,,S,50.0,1,0,0.0
153,0,3,male,40.5,0,2,14.5,,S,40.0,1,0,0.0
154,0,3,male,,0,0,7.3125,,S,25.252100840336134,1,0,0.0
155,0,1,male,51.0,0,1,61.3792,,C,50.0,1,0,2.0
156,1,3,female,16.0,0,0,7.7333,,Q,10.0,1,1,1.0
157,0,3,male,30.0,0,0,8.05,,S,30.0,1,0,0.0
158,0,3,male,,0,0,8.6625,,S,25.252100840336134,1,0,0.0
159,0,3,male,,8,2,69.55,,S,25.252100840336134,1,0,0.0
160,0,3,male,44.0,0,1,16.1,,S,40.0,1,0,0.0
161,1,2,female,40.0,0,0,15.75,,S,40.0,1,1,0.0
162,0,3,male,26.0,0,0,7.775,,S,20.0,1,0,0.0
163,0,3,male,17.0,0,0,8.6625,,S,10.0,1,0,0.0
164,0,3,male,1.0,4,1,39.6875,,S,0.0,1,0,0.0
165,1,3,male,9.0,0,2,20.525,,S,0.0,1,0,0.0
166,1,1,female,,0,1,55.0,E33,S,25.252100840336134,7,1,0.0
167,0,3,female,45.0,1,4,27.9,,S,40.0,1,1,0.0
168,0,1,male,,0,0,25.925,,S,25.252100840336134,1,0,0.0
169,0,3,male,28.0,0,0,56.4958,,S,20.0,1,0,0.0
170,0,1,male,61.0,0,0,33.5,B19,S,60.0,6,0,0.0
171,0,3,male,4.0,4,1,29.125,,Q,0.0,1,0,1.0
172,1,3,female,1.0,1,1,11.1333,,S,0.0,1,1,0.0
173,0,3,male,21.0,0,0,7.925,,S,20.0,1,0,0.0
174,0,1,male,56.0,0,0,30.6958,A7,C,50.0,2,0,2.0
175,0,3,male,18.0,1,1,7.8542,,S,10.0,1,0,0.0
176,0,3,male,,3,1,25.4667,,S,25.252100840336134,1,0,0.0
177,0,1,female,50.0,0,0,28.7125,C49,C,50.0,4,1,2.0
178,0,2,male,30.0,0,0,13.0,,S,30.0,1,0,0.0
179,0,3,male,36.0,0,0,0.0,,S,30.0,1,0,0.0
180,0,3,female,,8,2,69.55,,S,25.252100840336134,1,1,0.0
181,0,2,male,,0,0,15.05,,C,25.252100840336134,1,0,2.0
182,0,3,male,9.0,4,2,31.3875,,S,0.0,1,0,0.0
183,1,2,male,1.0,2,1,39.0,F4,S,0.0,5,0,0.0
184,1,3,female,4.0,0,2,22.025,,S,0.0,1,1,0.0
185,0,1,male,,0,0,50.0,A32,S,25.252100840336134,2,0,0.0
186,1,3,female,,1,0,15.5,,Q,25.252100840336134,1,1,1.0
187,1,1,male,45.0,0,0,26.55,,S,40.0,1,0,0.0
188,0,3,male,40.0,1,1,15.5,,Q,40.0,1,0,1.0
189,0,3,male,36.0,0,0,7.8958,,S,30.0,1,0,0.0
190,1,2,female,32.0,0,0,13.0,,S,30.0,1,1,0.0
191,0,2,male,19.0,0,0,13.0,,S,10.0,1,0,0.0
192,1,3,female,19.0,1,0,7.8542,,S,10.0,1,1,0.0
193,1,2,male,3.0,1,1,26.0,F2,S,0.0,5,0,0.0
194,1,1,female,44.0,0,0,27.7208,B4,C,40.0,6,1,2.0
195,1,1,female,58.0,0,0,146.5208,B80,C,50.0,6,1,2.0
196,0,3,male,,0,0,7.75,,Q,25.252100840336134,1,0,1.0
197,0,3,male,42.0,0,1,8.4042,,S,40.0,1,0,0.0
198,1,3,female,,0,0,7.75,,Q,25.252100840336134,1,1,1.0
199,0,2,female,24.0,0,0,13.0,,S,20.0,1,1,0.0
200,0,3,male,28.0,0,0,9.5,,S,20.0,1,0,0.0
201,0,3,male,,8,2,69.55,,S,25.252100840336134,1,0,0.0
202,0,3,male,34.0,0,0,6.4958,,S,30.0,1,0,0.0
203,0,3,male,45.5,0,0,7.225,,C,40.0,1,0,2.0
204,1,3,male,18.0,0,0,8.05,,S,10.0,1,0,0.0
205,0,3,female,2.0,0,1,10.4625,G6,S,0.0,3,1,0.0
206,0,3,male,32.0,1,0,15.85,,S,30.0,1,0,0.0
207,1,3,male,26.0,0,0,18.7875,,C,20.0,1,0,2.0
208,1,3,female,16.0,0,0,7.75,,Q,10.0,1,1,1.0
209,1,1,male,40.0,0,0,31.0,A31,C,40.0,2,0,2.0
210,0,3,male,24.0,0,0,7.05,,S,20.0,1,0,0.0
211,1,2,female,35.0,0,0,21.0,,S,30.0,1,1,0.0
212,0,3,male,22.0,0,0,7.25,,S,20.0,1,0,0.0
213,0,2,male,30.0,0,0,13.0,,S,30.0,1,0,0.0
214,0,3,male,,1,0,7.75,,Q,25.252100840336134,1,0,1.0
215,1,1,female,31.0,1,0,113.275,D36,C,30.0,8,1,2.0
216,1,3,female,27.0,0,0,7.925,,S,20.0,1,1,0.0
217,0,2,male,42.0,1,0,27.0,,S,40.0,1,0,0.0
218,1,1,female,32.0,0,0,76.2917,D15,C,30.0,8,1,2.0
219,0,2,male,30.0,0,0,10.5,,S,30.0,1,0,0.0
220,1,3,male,16.0,0,0,8.05,,S,10.0,1,0,0.0
221,0,2,male,27.0,0,0,13.0,,S,20.0,1,0,0.0
222,0,3,male,51.0,0,0,8.05,,S,50.0,1,0,0.0
223,0,3,male,,0,0,7.8958,,S,25.252100840336134,1,0,0.0
224,1,1,male,38.0,1,0,90.0,C93,S,30.0,4,0,0.0
225,0,3,male,22.0,0,0,9.35,,S,20.0,1,0,0.0
226,1,2,male,19.0,0,0,10.5,,S,10.0,1,0,0.0
227,0,3,male,20.5,0,0,7.25,,S,20.0,1,0,0.0
228,0,2,male,18.0,0,0,13.0,,S,10.0,1,0,0.0
229,0,3,female,,3,1,25.4667,,S,25.252100840336134,1,1,0.0
230,1,1,female,35.0,1,0,83.475,C83,S,30.0,4,1,0.0
231,0,3,male,29.0,0,0,7.775,,S,20.0,1,0,0.0
232,0,2,male,59.0,0,0,13.5,,S,50.0,1,0,0.0
233,1,3,female,5.0,4,2,31.3875,,S,0.0,1,1,0.0
234,0,2,male,24.0,0,0,10.5,,S,20.0,1,0,0.0
235,0,3,female,,0,0,7.55,,S,25.252100840336134,1,1,0.0
236,0,2,male,44.0,1,0,26.0,,S,40.0,1,0,0.0
237,1,2,female,8.0,0,2,26.25,,S,0.0,1,1,0.0
238,0,2,male,19.0,0,0,10.5,,S,10.0,1,0,0.0
239,0,2,male,33.0,0,0,12.275,,S,30.0,1,0,0.0
240,0,3,female,,1,0,14.4542,,C,25.252100840336134,1,1,2.0
241,1,3,female,,1,0,15.5,,Q,25.252100840336134,1,1,1.0
242,0,2,male,29.0,0,0,10.5,,S,20.0,1,0,0.0
243,0,3,male,22.0,0,0,7.125,,S,20.0,1,0,0.0
244,0,3,male,30.0,0,0,7.225,,C,30.0,1,0,2.0
245,0,1,male,44.0,2,0,90.0,C78,Q,40.0,4,0,1.0
246,0,3,female,25.0,0,0,7.775,,S,20.0,1,1,0.0
247,1,2,female,24.0,0,2,14.5,,S,20.0,1,1,0.0
248,1,1,male,37.0,1,1,52.5542,D35,S,30.0,8,0,0.0
249,0,2,male,54.0,1,0,26.0,,S,50.0,1,0,0.0
250,0,3,male,,0,0,7.25,,S,25.252100840336134,1,0,0.0
251,0,3,female,29.0,1,1,10.4625,G6,S,20.0,3,1,0.0
252,0,1,male,62.0,0,0,26.55,C87,S,60.0,4,0,0.0
253,0,3,male,30.0,1,0,16.1,,S,30.0,1,0,0.0
254,0,3,female,41.0,0,2,20.2125,,S,40.0,1,1,0.0
255,1,3,female,29.0,0,2,15.2458,,C,20.0,1,1,2.0
256,1,1,female,,0,0,79.2,,C,25.252100840336134,1,1,2.0
257,1,1,female,30.0,0,0,86.5,B77,S,30.0,6,1,0.0
258,1,1,female,35.0,0,0,512.3292,,C,30.0,1,1,2.0
259,1,2,female,50.0,0,1,26.0,,S,50.0,1,1,0.0
260,0,3,male,,0,0,7.75,,Q,25.252100840336134,1,0,1.0
261,1,3,male,3.0,4,2,31.3875,,S,0.0,1,0,0.0
262,0,1,male,52.0,1,1,79.65,E67,S,50.0,7,0,0.0
263,0,1,male,40.0,0,0,0.0,B94,S,40.0,6,0,0.0
264,0,3,female,,0,0,7.75,,Q,25.252100840336134,1,1,1.0
265,0,2,male,36.0,0,0,10.5,,S,30.0,1,0,0.0
266,0,3,male,16.0,4,1,39.6875,,S,10.0,1,0,0.0
267,1,3,male,25.0,1,0,7.775,,S,20.0,1,0,0.0
268,1,1,female,58.0,0,1,153.4625,C125,S,50.0,4,1,0.0
269,1,1,female,35.0,0,0,135.6333,C99,S,30.0,4,1,0.0
270,0,1,male,,0,0,31.0,,S,25.252100840336134,1,0,0.0
271,1,3,male,25.0,0,0,0.0,,S,20.0,1,0,0.0
272,1,2,female,41.0,0,1,19.5,,S,40.0,1,1,0.0
273,0,1,male,37.0,0,1,29.7,C118,C,30.0,4,0,2.0
274,1,3,female,,0,0,7.75,,Q,25.252100840336134,1,1,1.0
275,1,1,female,63.0,1,0,77.9583,D7,S,60.0,8,1,0.0
276,0,3,female,45.0,0,0,7.75,,S,40.0,1,1,0.0
277,0,2,male,,0,0,0.0,,S,25.252100840336134,1,0,0.0
278,0,3,male,7.0,4,1,29.125,,Q,0.0,1,0,1.0
279,1,3,female,35.0,1,1,20.25,,S,30.0,1,1,0.0
280,0,3,male,65.0,0,0,7.75,,Q,60.0,1,0,1.0
281,0,3,male,28.0,0,0,7.8542,,S,20.0,1,0,0.0
282,0,3,male,16.0,0,0,9.5,,S,10.0,1,0,0.0
283,1,3,male,19.0,0,0,8.05,,S,10.0,1,0,0.0
284,0,1,male,,0,0,26.0,A19,S,25.252100840336134,2,0,0.0
285,0,3,male,33.0,0,0,8.6625,,C,30.0,1,0,2.0
286,1,3,male,30.0,0,0,9.5,,S,30.0,1,0,0.0
287,0,3,male,22.0,0,0,7.8958,,S,20.0,1,0,0.0
288,1,2,male,42.0,0,0,13.0,,S,40.0,1,0,0.0
289,1,3,female,22.0,0,0,7.75,,Q,20.0,1,1,1.0
290,1,1,female,26.0,0,0,78.85,,S,20.0,1,1,0.0
291,1,1,female,19.0,1,0,91.0792,B49,C,10.0,6,1,2.0
292,0,2,male,36.0,0,0,12.875,D,C,30.0,8,0,2.0
293,0,3,female,24.0,0,0,8.85,,S,20.0,1,1,0.0
294,0,3,male,24.0,0,0,7.8958,,S,20.0,1,0,0.0
295,0,1,male,,0,0,27.7208,,C,25.252100840336134,1,0,2.0
296,0,3,male,23.5,0,0,7.2292,,C,20.0,1,0,2.0
297,0,1,female,2.0,1,2,151.55,C22 C26,S,0.0,4,1,0.0
298,1,1,male,,0,0,30.5,C106,S,25.252100840336134,4,0,0.0
299,1,1,female,50.0,0,1,247.5208,B58 B60,C,50.0,6,1,2.0
300,1,3,female,,0,0,7.75,,Q,25.252100840336134,1,1,1.0
301,1,3,male,,2,0,23.25,,Q,25.252100840336134,1,0,1.0
302,0,3,male,19.0,0,0,0.0,,S,10.0,1,0,0.0
303,1,2,female,,0,0,12.35,E101,Q,25.252100840336134,7,1,1.0
304,0,3,male,,0,0,8.05,,S,25.252100840336134,1,0,0.0
305,1,1,male,0.92,1,2,151.55,C22 C26,S,0.0,4,0,0.0
306,1,1,female,,0,0,110.8833,,C,25.252100840336134,1,1,2.0
307,1,1,female,17.0,1,0,108.9,C65,C,10.0,4,1,2.0
308,0,2,male,30.0,1,0,24.0,,C,30.0,1,0,2.0
309,1,1,female,30.0,0,0,56.9292,E36,C,30.0,7,1,2.0
310,1,1,female,24.0,0,0,83.1583,C54,C,20.0,4,1,2.0
311,1,1,female,18.0,2,2,262.375,B57 B59 B63 B66,C,10.0,6,1,2.0
312,0,2,female,26.0,1,1,26.0,,S,20.0,1,1,0.0
313,0,3,male,28.0,0,0,7.8958,,S,20.0,1,0,0.0
314,0,2,male,43.0,1,1,26.25,,S,40.0,1,0,0.0
315,1,3,female,26.0,0,0,7.8542,,S,20.0,1,1,0.0
316,1,2,female,24.0,1,0,26.0,,S,20.0,1,1,0.0
317,0,2,male,54.0,0,0,14.0,,S,50.0,1,0,0.0
318,1,1,female,31.0,0,2,164.8667,C7,S,30.0,4,1,0.0
319,1,1,female,40.0,1,1,134.5,E34,C,40.0,7,1,2.0
320,0,3,male,22.0,0,0,7.25,,S,20.0,1,0,0.0
321,0,3,male,27.0,0,0,7.8958,,S,20.0,1,0,0.0
322,1,2,female,30.0,0,0,12.35,,Q,30.0,1,1,1.0
323,1,2,female,22.0,1,1,29.0,,S,20.0,1,1,0.0
324,0,3,male,,8,2,69.55,,S,25.252100840336134,1,0,0.0
325,1,1,female,36.0,0,0,135.6333,C32,C,30.0,4,1,2.0
326,0,3,male,61.0,0,0,6.2375,,S,60.0,1,0,0.0
327,1,2,female,36.0,0,0,13.0,D,S,30.0,8,1,0.0
328,1,3,female,31.0,1,1,20.525,,S,30.0,1,1,0.0
329,1,1,female,16.0,0,1,57.9792,B18,C,10.0,6,1,2.0
330,1,3,female,,2,0,23.25,,Q,25.252100840336134,1,1,1.0
331,0,1,male,45.5,0,0,28.5,C124,S,40.0,4,0,0.0
332,0,1,male,38.0,0,1,153.4625,C91,S,30.0,4,0,0.0
333,0,3,male,16.0,2,0,18.0,,S,10.0,1,0,0.0
334,1,1,female,,1,0,133.65,,S,25.252100840336134,1,1,0.0
335,0,3,male,,0,0,7.8958,,S,25.252100840336134,1,0,0.0
336,0,1,male,29.0,1,0,66.6,C2,S,20.0,4,0,0.0
337,1,1,female,41.0,0,0,134.5,E40,C,40.0,7,1,2.0
338,1,3,male,45.0,0,0,8.05,,S,40.0,1,0,0.0
339,0,1,male,45.0,0,0,35.5,T,S,40.0,0,0,0.0
340,1,2,male,2.0,1,1,26.0,F2,S,0.0,5,0,0.0
341,1,1,female,24.0,3,2,263.0,C23 C25 C27,S,20.0,4,1,0.0
342,0,2,male,28.0,0,0,13.0,,S,20.0,1,0,0.0
343,0,2,male,25.0,0,0,13.0,,S,20.0,1,0,0.0
344,0,2,male,36.0,0,0,13.0,,S,30.0,1,0,0.0
345,1,2,female,24.0,0,0,13.0,F33,S,20.0,5,1,0.0
346,1,2,female,40.0,0,0,13.0,,S,40.0,1,1,0.0
347,1,3,female,,1,0,16.1,,S,25.252100840336134,1,1,0.0
348,1,3,male,3.0,1,1,15.9,,S,0.0,1,0,0.0
349,0,3,male,42.0,0,0,8.6625,,S,40.0,1,0,0.0
350,0,3,male,23.0,0,0,9.225,,S,20.0,1,0,0.0
351,0,1,male,,0,0,35.0,C128,S,25.252100840336134,4,0,0.0
352,0,3,male,15.0,1,1,7.2292,,C,10.0,1,0,2.0
353,0,3,male,25.0,1,0,17.8,,S,20.0,1,0,0.0
354,0,3,male,,0,0,7.225,,C,25.252100840336134,1,0,2.0
355,0,3,male,28.0,0,0,9.5,,S,20.0,1,0,0.0
356,1,1,female,22.0,0,1,55.0,E33,S,20.0,7,1,0.0
357,0,2,female,38.0,0,0,13.0,,S,30.0,1,1,0.0
358,1,3,female,,0,0,7.8792,,Q,25.252100840336134,1,1,1.0
359,1,3,female,,0,0,7.8792,,Q,25.252100840336134,1,1,1.0
360,0,3,male,40.0,1,4,27.9,,S,40.0,1,0,0.0
361,0,2,male,29.0,1,0,27.7208,,C,20.0,1,0,2.0
362,0,3,female,45.0,0,1,14.4542,,C,40.0,1,1,2.0
363,0,3,male,35.0,0,0,7.05,,S,30.0,1,0,0.0
364,0,3,male,,1,0,15.5,,Q,25.252100840336134,1,0,1.0
365,0,3,male,30.0,0,0,7.25,,S,30.0,1,0,0.0
366,1,1,female,60.0,1,0,75.25,D37,C,60.0,8,1,2.0
367,1,3,female,,0,0,7.2292,,C,25.252100840336134,1,1,2.0
368,1,3,female,,0,0,7.75,,Q,25.252100840336134,1,1,1.0
369,1,1,female,24.0,0,0,69.3,B35,C,20.0,6,1,2.0
370,1,1,male,25.0,1,0,55.4417,E50,C,20.0,7,0,2.0
371,0,3,male,18.0,1,0,6.4958,,S,10.0,1,0,0.0
372,0,3,male,19.0,0,0,8.05,,S,10.0,1,0,0.0
373,0,1,male,22.0,0,0,135.6333,,C,20.0,1,0,2.0
374,0,3,female,3.0,3,1,21.075,,S,0.0,1,1,0.0
375,1,1,female,,1,0,82.1708,,C,25.252100840336134,1,1,2.0
376,1,3,female,22.0,0,0,7.25,,S,20.0,1,1,0.0
377,0,1,male,27.0,0,2,211.5,C82,C,20.0,4,0,2.0
378,0,3,male,20.0,0,0,4.0125,,C,20.0,1,0,2.0
379,0,3,male,19.0,0,0,7.775,,S,10.0,1,0,0.0
380,1,1,female,42.0,0,0,227.525,,C,40.0,1,1,2.0
381,1,3,female,1.0,0,2,15.7417,,C,0.0,1,1,2.0
382,0,3,male,32.0,0,0,7.925,,S,30.0,1,0,0.0
383,1,1,female,35.0,1,0,52.0,,S,30.0,1,1,0.0
384,0,3,male,,0,0,7.8958,,S,25.252100840336134,1,0,0.0
385,0,2,male,18.0,0,0,73.5,,S,10.0,1,0,0.0
386,0,3,male,1.0,5,2,46.9,,S,0.0,1,0,0.0
387,1,2,female,36.0,0,0,13.0,,S,30.0,1,1,0.0
388,0,3,male,,0,0,7.7292,,Q,25.252100840336134,1,0,1.0
389,1,2,female,17.0,0,0,12.0,,C,10.0,1,1,2.0
390,1,1,male,36.0,1,2,120.0,B96 B98,S,30.0,6,0,0.0
391,1,3,male,21.0,0,0,7.7958,,S,20.0,1,0,0.0
392,0,3,male,28.0,2,0,7.925,,S,20.0,1,0,0.0
393,1,1,female,23.0,1,0,113.275,D36,C,20.0,8,1,2.0
394,1,3,female,24.0,0,2,16.7,G6,S,20.0,3,1,0.0
395,0,3,male,22.0,0,0,7.7958,,S,20.0,1,0,0.0
396,0,3,female,31.0,0,0,7.8542,,S,30.0,1,1,0.0
397,0,2,male,46.0,0,0,26.0,,S,40.0,1,0,0.0
398,0,2,male,23.0,0,0,10.5,,S,20.0,1,0,0.0
399,1,2,female,28.0,0,0,12.65,,S,20.0,1,1,0.0
400,1,3,male,39.0,0,0,7.925,,S,30.0,1,0,0.0
401,0,3,male,26.0,0,0,8.05,,S,20.0,1,0,0.0
402,0,3,female,21.0,1,0,9.825,,S,20.0,1,1,0.0
403,0,3,male,28.0,1,0,15.85,,S,20.0,1,0,0.0
404,0,3,female,20.0,0,0,8.6625,,S,20.0,1,1,0.0
405,0,2,male,34.0,1,0,21.0,,S,30.0,1,0,0.0
406,0,3,male,51.0,0,0,7.75,,S,50.0,1,0,0.0
407,1,2,male,3.0,1,1,18.75,,S,0.0,1,0,0.0
408,0,3,male,21.0,0,0,7.775,,S,20.0,1,0,0.0
409,0,3,female,,3,1,25.4667,,S,25.252100840336134,1,1,0.0
410,0,3,male,,0,0,7.8958,,S,25.252100840336134,1,0,0.0
411,0,3,male,,0,0,6.8583,,Q,25.252100840336134,1,0,1.0
412,1,1,female,33.0,1,0,90.0,C78,Q,30.0,4,1,1.0
413,0,2,male,,0,0,0.0,,S,25.252100840336134,1,0,0.0
414,1,3,male,44.0,0,0,7.925,,S,40.0,1,0,0.0
415,0,3,female,,0,0,8.05,,S,25.252100840336134,1,1,0.0
416,1,2,female,34.0,1,1,32.5,,S,30.0,1,1,0.0
417,1,2,female,18.0,0,2,13.0,,S,10.0,1,1,0.0
418,0,2,male,30.0,0,0,13.0,,S,30.0,1,0,0.0
419,0,3,female,10.0,0,2,24.15,,S,10.0,1,1,0.0
420,0,3,male,,0,0,7.8958,,C,25.252100840336134,1,0,2.0
421,0,3,male,21.0,0,0,7.7333,,Q,20.0,1,0,1.0
422,0,3,male,29.0,0,0,7.875,,S,20.0,1,0,0.0
423,0,3,female,28.0,1,1,14.4,,S,20.0,1,1,0.0
424,0,3,male,18.0,1,1,20.2125,,S,10.0,1,0,0.0
425,0,3,male,,0,0,7.25,,S,25.252100840336134,1,0,0.0
426,1,2,female,28.0,1,0,26.0,,S,20.0,1,1,0.0
427,1,2,female,19.0,0,0,26.0,,S,10.0,1,1,0.0
428,0,3,male,,0,0,7.75,,Q,25.252100840336134,1,0,1.0
429,1,3,male,32.0,0,0,8.05,E10,S,30.0,7,0,0.0
430,1,1,male,28.0,0,0,26.55,C52,S,20.0,4,0,0.0
431,1,3,female,,1,0,16.1,,S,25.252100840336134,1,1,0.0
432,1,2,female,42.0,1,0,26.0,,S,40.0,1,1,0.0
433,0,3,male,17.0,0,0,7.125,,S,10.0,1,0,0.0
434,0,1,male,50.0,1,0,55.9,E44,S,50.0,7,0,0.0
435,1,1,female,14.0,1,2,120.0,B96 B98,S,10.0,6,1,0.0
436,0,3,female,21.0,2,2,34.375,,S,20.0,1,1,0.0
437,1,2,female,24.0,2,3,18.75,,S,20.0,1,1,0.0
438,0,1,male,64.0,1,4,263.0,C23 C25 C27,S,60.0,4,0,0.0
439,0,2,male,31.0,0,0,10.5,,S,30.0,1,0,0.0
440,1,2,female,45.0,1,1,26.25,,S,40.0,1,1,0.0
441,0,3,male,20.0,0,0,9.5,,S,20.0,1,0,0.0
442,0,3,male,25.0,1,0,7.775,,S,20.0,1,0,0.0
443,1,2,female,28.0,0,0,13.0,,S,20.0,1,1,0.0
444,1,3,male,,0,0,8.1125,,S,25.252100840336134,1,0,0.0
445,1,1,male,4.0,0,2,81.8583,A34,S,0.0,2,0,0.0
446,1,2,female,13.0,0,1,19.5,,S,10.0,1,1,0.0
447,1,1,male,34.0,0,0,26.55,,S,30.0,1,0,0.0
448,1,3,female,5.0,2,1,19.2583,,C,0.0,1,1,2.0
449,1,1,male,52.0,0,0,30.5,C104,S,50.0,4,0,0.0
450,0,2,male,36.0,1,2,27.75,,S,30.0,1,0,0.0
451,0,3,male,,1,0,19.9667,,S,25.252100840336134,1,0,0.0
452,0,1,male,30.0,0,0,27.75,C111,C,30.0,4,0,2.0
453,1,1,male,49.0,1,0,89.1042,C92,C,40.0,4,0,2.0
454,0,3,male,,0,0,8.05,,S,25.252100840336134,1,0,0.0
455,1,3,male,29.0,0,0,7.8958,,C,20.0,1,0,2.0
456,0,1,male,65.0,0,0,26.55,E38,S,60.0,7,0,0.0
457,1,1,female,,1,0,51.8625,D21,S,25.252100840336134,8,1,0.0
458,1,2,female,50.0,0,0,10.5,,S,50.0,1,1,0.0
459,0,3,male,,0,0,7.75,,Q,25.252100840336134,1,0,1.0
460,1,1,male,48.0,0,0,26.55,E12,S,40.0,7,0,0.0
461,0,3,male,34.0,0,0,8.05,,S,30.0,1,0,0.0
462,0,1,male,47.0,0,0,38.5,E63,S,40.0,7,0,0.0
463,0,2,male,48.0,0,0,13.0,,S,40.0,1,0,0.0
464,0,3,male,,0,0,8.05,,S,25.252100840336134,1,0,0.0
465,0,3,male,38.0,0,0,7.05,,S,30.0,1,0,0.0
466,0,2,male,,0,0,0.0,,S,25.252100840336134,1,0,0.0
467,0,1,male,56.0,0,0,26.55,,S,50.0,1,0,0.0
468,0,3,male,,0,0,7.725,,Q,25.252100840336134,1,0,1.0
469,1,3,female,0.75,2,1,19.2583,,C,0.0,1,1,2.0
470,0,3,male,,0,0,7.25,,S,25.252100840336134,1,0,0.0
471,0,3,male,38.0,0,0,8.6625,,S,30.0,1,0,0.0
472,1,2,female,33.0,1,2,27.75,,S,30.0,1,1,0.0
473,1,2,female,23.0,0,0,13.7917,D,C,20.0,8,1,2.0
474,0,3,female,22.0,0,0,9.8375,,S,20.0,1,1,0.0
475,0,1,male,,0,0,52.0,A14,S,25.252100840336134,2,0,0.0
476,0,2,male,34.0,1,0,21.0,,S,30.0,1,0,0.0
477,0,3,male,29.0,1,0,7.0458,,S,20.0,1,0,0.0
478,0,3,male,22.0,0,0,7.5208,,S,20.0,1,0,0.0
479,1,3,female,2.0,0,1,12.2875,,S,0.0,1,1,0.0
480,0,3,male,9.0,5,2,46.9,,S,0.0,1,0,0.0
481,0,2,male,,0,0,0.0,,S,25.252100840336134,1,0,0.0
482,0,3,male,50.0,0,0,8.05,,S,50.0,1,0,0.0
483,1,3,female,63.0,0,0,9.5875,,S,60.0,1,1,0.0
484,1,1,male,25.0,1,0,91.0792,B49,C,20.0,6,0,2.0
485,0,3,female,,3,1,25.4667,,S,25.252100840336134,1,1,0.0
486,1,1,female,35.0,1,0,90.0,C93,S,30.0,4,1,0.0
487,0,1,male,58.0,0,0,29.7,B37,C,50.0,6,0,2.0
488,0,3,male,30.0,0,0,8.05,,S,30.0,1,0,0.0
489,1,3,male,9.0,1,1,15.9,,S,0.0,1,0,0.0
490,0,3,male,,1,0,19.9667,,S,25.252100840336134,1,0,0.0
491,0,3,male,21.0,0,0,7.25,,S,20.0,1,0,0.0
492,0,1,male,55.0,0,0,30.5,C30,S,50.0,4,0,0.0
493,0,1,male,71.0,0,0,49.5042,,C,70.0,1,0,2.0
494,0,3,male,21.0,0,0,8.05,,S,20.0,1,0,0.0
495,0,3,male,,0,0,14.4583,,C,25.252100840336134,1,0,2.0
496,1,1,female,54.0,1,0,78.2667,D20,C,50.0,8,1,2.0
497,0,3,male,,0,0,15.1,,S,25.252100840336134,1,0,0.0
498,0,1,female,25.0,1,2,151.55,C22 C26,S,20.0,4,1,0.0
499,0,3,male,24.0,0,0,7.7958,,S,20.0,1,0,0.0
500,0,3,male,17.0,0,0,8.6625,,S,10.0,1,0,0.0
501,0,3,female,21.0,0,0,7.75,,Q,20.0,1,1,1.0
502,0,3,female,,0,0,7.6292,,Q,25.252100840336134,1,1,1.0
503,0,3,female,37.0,0,0,9.5875,,S,30.0,1,1,0.0
504,1,1,female,16.0,0,0,86.5,B79,S,10.0,6,1,0.0
505,0,1,male,18.0,1,0,108.9,C65,C,10.0,4,0,2.0
506,1,2,female,33.0,0,2,26.0,,S,30.0,1,1,0.0
507,1,1,male,,0,0,26.55,,S,25.252100840336134,1,0,0.0
508,0,3,male,28.0,0,0,22.525,,S,20.0,1,0,0.0
509,1,3,male,26.0,0,0,56.4958,,S,20.0,1,0,0.0
510,1,3,male,29.0,0,0,7.75,,Q,20.0,1,0,1.0
511,0,3,male,,0,0,8.05,,S,25.252100840336134,1,0,0.0
512,1,1,male,36.0,0,0,26.2875,E25,S,30.0,7,0,0.0
513,1,1,female,54.0,1,0,59.4,,C,50.0,1,1,2.0
514,0,3,male,24.0,0,0,7.4958,,S,20.0,1,0,0.0
515,0,1,male,47.0,0,0,34.0208,D46,S,40.0,8,0,0.0
516,1,2,female,34.0,0,0,10.5,F33,S,30.0,5,1,0.0
517,0,3,male,,0,0,24.15,,Q,25.252100840336134,1,0,1.0
518,1,2,female,36.0,1,0,26.0,,S,30.0,1,1,0.0
519,0,3,male,32.0,0,0,7.8958,,S,30.0,1,0,0.0
520,1,1,female,30.0,0,0,93.5,B73,S,30.0,6,1,0.0
521,0,3,male,22.0,0,0,7.8958,,S,20.0,1,0,0.0
522,0,3,male,,0,0,7.225,,C,25.252100840336134,1,0,2.0
523,1,1,female,44.0,0,1,57.9792,B18,C,40.0,6,1,2.0
524,0,3,male,,0,0,7.2292,,C,25.252100840336134,1,0,2.0
525,0,3,male,40.5,0,0,7.75,,Q,40.0,1,0,1.0
526,1,2,female,50.0,0,0,10.5,,S,50.0,1,1,0.0
527,0,1,male,,0,0,221.7792,C95,S,25.252100840336134,4,0,0.0
528,0,3,male,39.0,0,0,7.925,,S,30.0,1,0,0.0
529,0,2,male,23.0,2,1,11.5,,S,20.0,1,0,0.0
530,1,2,female,2.0,1,1,26.0,,S,0.0,1,1,0.0
531,0,3,male,,0,0,7.2292,,C,25.252100840336134,1,0,2.0
532,0,3,male,17.0,1,1,7.2292,,C,10.0,1,0,2.0
533,1,3,female,,0,2,22.3583,,C,25.252100840336134,1,1,2.0
534,0,3,female,30.0,0,0,8.6625,,S,30.0,1,1,0.0
535,1,2,female,7.0,0,2,26.25,,S,0.0,1,1,0.0
536,0,1,male,45.0,0,0,26.55,B38,S,40.0,6,0,0.0
537,1,1,female,30.0,0,0,106.425,,C,30.0,1,1,2.0
538,0,3,male,,0,0,14.5,,S,25.252100840336134,1,0,0.0
539,1,1,female,22.0,0,2,49.5,B39,C,20.0,6,1,2.0
540,1,1,female,36.0,0,2,71.0,B22,S,30.0,6,1,0.0
541,0,3,female,9.0,4,2,31.275,,S,0.0,1,1,0.0
542,0,3,female,11.0,4,2,31.275,,S,10.0,1,1,0.0
543,1,2,male,32.0,1,0,26.0,,S,30.0,1,0,0.0
544,0,1,male,50.0,1,0,106.425,C86,C,50.0,4,0,2.0
545,0,1,male,64.0,0,0,26.0,,S,60.0,1,0,0.0
546,1,2,female,19.0,1,0,26.0,,S,10.0,1,1,0.0
547,1,2,male,,0,0,13.8625,,C,25.252100840336134,1,0,2.0
548,0,3,male,33.0,1,1,20.525,,S,30.0,1,0,0.0
549,1,2,male,8.0,1,1,36.75,,S,0.0,1,0,0.0
550,1,1,male,17.0,0,2,110.8833,C70,C,10.0,4,0,2.0
551,0,2,male,27.0,0,0,26.0,,S,20.0,1,0,0.0
552,0,3,male,,0,0,7.8292,,Q,25.252100840336134,1,0,1.0
553,1,3,male,22.0,0,0,7.225,,C,20.0,1,0,2.0
554,1,3,female,22.0,0,0,7.775,,S,20.0,1,1,0.0
555,0,1,male,62.0,0,0,26.55,,S,60.0,1,0,0.0
556,1,1,female,48.0,1,0,39.6,A16,C,40.0,2,1,2.0
557,0,1,male,,0,0,227.525,,C,25.252100840336134,1,0,2.0
558,1,1,female,39.0,1,1,79.65,E67,S,30.0,7,1,0.0
559,1,3,female,36.0,1,0,17.4,,S,30.0,1,1,0.0
560,0,3,male,,0,0,7.75,,Q,25.252100840336134,1,0,1.0
561,0,3,male,40.0,0,0,7.8958,,S,40.0,1,0,0.0
562,0,2,male,28.0,0,0,13.5,,S,20.0,1,0,0.0
563,0,3,male,,0,0,8.05,,S,25.252100840336134,1,0,0.0
564,0,3,female,,0,0,8.05,,S,25.252100840336134,1,1,0.0
565,0,3,male,24.0,2,0,24.15,,S,20.0,1,0,0.0
566,0,3,male,19.0,0,0,7.8958,,S,10.0,1,0,0.0
567,0,3,female,29.0,0,4,21.075,,S,20.0,1,1,0.0
568,0,3,male,,0,0,7.2292,,C,25.252100840336134,1,0,2.0
569,1,3,male,32.0,0,0,7.8542,,S,30.0,1,0,0.0
570,1,2,male,62.0,0,0,10.5,,S,60.0,1,0,0.0
571,1,1,female,53.0,2,0,51.4792,C101,S,50.0,4,1,0.0
572,1,1,male,36.0,0,0,26.3875,E25,S,30.0,7,0,0.0
573,1,3,female,,0,0,7.75,,Q,25.252100840336134,1,1,1.0
574,0,3,male,16.0,0,0,8.05,,S,10.0,1,0,0.0
575,0,3,male,19.0,0,0,14.5,,S,10.0,1,0,0.0
576,1,2,female,34.0,0,0,13.0,,S,30.0,1,1,0.0
577,1,1,female,39.0,1,0,55.9,E44,S,30.0,7,1,0.0
578,0,3,female,,1,0,14.4583,,C,25.252100840336134,1,1,2.0
579,1,3,male,32.0,0,0,7.925,,S,30.0,1,0,0.0
580,1,2,female,25.0,1,1,30.0,,S,20.0,1,1,0.0
581,1,1,female,39.0,1,1,110.8833,C68,C,30.0,4,1,2.0
582,0,2,male,54.0,0,0,26.0,,S,50.0,1,0,0.0
583,0,1,male,36.0,0,0,40.125,A10,C,30.0,2,0,2.0
584,0,3,male,,0,0,8.7125,,C,25.252100840336134,1,0,2.0
585,1,1,female,18.0,0,2,79.65,E68,S,10.0,7,1,0.0
586,0,2,male,47.0,0,0,15.0,,S,40.0,1,0,0.0
587,1,1,male,60.0,1,1,79.2,B41,C,60.0,6,0,2.0
588,0,3,male,22.0,0,0,8.05,,S,20.0,1,0,0.0
589,0,3,male,,0,0,8.05,,S,25.252100840336134,1,0,0.0
590,0,3,male,35.0,0,0,7.125,,S,30.0,1,0,0.0
591,1,1,female,52.0,1,0,78.2667,D20,C,50.0,8,1,2.0
592,0,3,male,47.0,0,0,7.25,,S,40.0,1,0,0.0
593,0,3,female,,0,2,7.75,,Q,25.252100840336134,1,1,1.0
594,0,2,male,37.0,1,0,26.0,,S,30.0,1,0,0.0
595,0,3,male,36.0,1,1,24.15,,S,30.0,1,0,0.0
596,1,2,female,,0,0,33.0,,S,25.252100840336134,1,1,0.0
597,0,3,male,49.0,0,0,0.0,,S,40.0,1,0,0.0
598,0,3,male,,0,0,7.225,,C,25.252100840336134,1,0,2.0
599,1,1,male,49.0,1,0,56.9292,A20,C,40.0,2,0,2.0
600,1,2,female,24.0,2,1,27.0,,S,20.0,1,1,0.0
601,0,3,male,,0,0,7.8958,,S,25.252100840336134,1,0,0.0
602,0,1,male,,0,0,42.4,,S,25.252100840336134,1,0,0.0
603,0,3,male,44.0,0,0,8.05,,S,40.0,1,0,0.0
604,1,1,male,35.0,0,0,26.55,,C,30.0,1,0,2.0
605,0,3,male,36.0,1,0,15.55,,S,30.0,1,0,0.0
606,0,3,male,30.0,0,0,7.8958,,S,30.0,1,0,0.0
607,1,1,male,27.0,0,0,30.5,,S,20.0,1,0,0.0
608,1,2,female,22.0,1,2,41.5792,,C,20.0,1,1,2.0
609,1,1,female,40.0,0,0,153.4625,C125,S,40.0,4,1,0.0
610,0,3,female,39.0,1,5,31.275,,S,30.0,1,1,0.0
611,0,3,male,,0,0,7.05,,S,25.252100840336134,1,0,0.0
612,1,3,female,,1,0,15.5,,Q,25.252100840336134,1,1,1.0
613,0,3,male,,0,0,7.75,,Q,25.252100840336134,1,0,1.0
614,0,3,male,35.0,0,0,8.05,,S,30.0,1,0,0.0
615,1,2,female,24.0,1,2,65.0,,S,20.0,1,1,0.0
616,0,3,male,34.0,1,1,14.4,,S,30.0,1,0,0.0
617,0,3,female,26.0,1,0,16.1,,S,20.0,1,1,0.0
618,1,2,female,4.0,2,1,39.0,F4,S,0.0,5,1,0.0
619,0,2,male,26.0,0,0,10.5,,S,20.0,1,0,0.0
620,0,3,male,27.0,1,0,14.4542,,C,20.0,1,0,2.0
621,1,1,male,42.0,1,0,52.5542,D19,S,40.0,8,0,0.0
622,1,3,male,20.0,1,1,15.7417,,C,20.0,1,0,2.0
623,0,3,male,21.0,0,0,7.8542,,S,20.0,1,0,0.0
624,0,3,male,21.0,0,0,16.1,,S,20.0,1,0,0.0
625,0,1,male,61.0,0,0,32.3208,D50,S,60.0,8,0,0.0
626,0,2,male,57.0,0,0,12.35,,Q,50.0,1,0,1.0
627,1,1,female,21.0,0,0,77.9583,D9,S,20.0,8,1,0.0
628,0,3,male,26.0,0,0,7.8958,,S,20.0,1,0,0.0
629,0,3,male,,0,0,7.7333,,Q,25.252100840336134,1,0,1.0
630,1,1,male,80.0,0,0,30.0,A23,S,80.0,2,0,0.0
631,0,3,male,51.0,0,0,7.0542,,S,50.0,1,0,0.0
632,1,1,male,32.0,0,0,30.5,B50,C,30.0,6,0,2.0
633,0,1,male,,0,0,0.0,,S,25.252100840336134,1,0,0.0
634,0,3,female,9.0,3,2,27.9,,S,0.0,1,1,0.0
635,1,2,female,28.0,0,0,13.0,,S,20.0,1,1,0.0
636,0,3,male,32.0,0,0,7.925,,S,30.0,1,0,0.0
637,0,2,male,31.0,1,1,26.25,,S,30.0,1,0,0.0
638,0,3,female,41.0,0,5,39.6875,,S,40.0,1,1,0.0
639,0,3,male,,1,0,16.1,,S,25.252100840336134,1,0,0.0
640,0,3,male,20.0,0,0,7.8542,,S,20.0,1,0,0.0
641,1,1,female,24.0,0,0,69.3,B35,C,20.0,6,1,2.0
642,0,3,female,2.0,3,2,27.9,,S,0.0,1,1,0.0
643,1,3,male,,0,0,56.4958,,S,25.252100840336134,1,0,0.0
644,1,3,female,0.75,2,1,19.2583,,C,0.0,1,1,2.0
645,1,1,male,48.0,1,0,76.7292,D33,C,40.0,8,0,2.0
646,0,3,male,19.0,0,0,7.8958,,S,10.0,1,0,0.0
647,1,1,male,56.0,0,0,35.5,A26,C,50.0,2,0,2.0
648,0,3,male,,0,0,7.55,,S,25.252100840336134,1,0,0.0
649,1,3,female,23.0,0,0,7.55,,S,20.0,1,1,0.0
650,0,3,male,,0,0,7.8958,,S,25.252100840336134,1,0,0.0
651,1,2,female,18.0,0,1,23.0,,S,10.0,1,1,0.0
652,0,3,male,21.0,0,0,8.4333,,S,20.0,1,0,0.0
653,1,3,female,,0,0,7.8292,,Q,25.252100840336134,1,1,1.0
654,0,3,female,18.0,0,0,6.75,,Q,10.0,1,1,1.0
655,0,2,male,24.0,2,0,73.5,,S,20.0,1,0,0.0
656,0,3,male,,0,0,7.8958,,S,25.252100840336134,1,0,0.0
657,0,3,female,32.0,1,1,15.5,,Q,30.0,1,1,1.0
658,0,2,male,23.0,0,0,13.0,,S,20.0,1,0,0.0
659,0,1,male,58.0,0,2,113.275,D48,C,50.0,8,0,2.0
660,1,1,male,50.0,2,0,133.65,,S,50.0,1,0,0.0
661,0,3,male,40.0,0,0,7.225,,C,40.0,1,0,2.0
662,0,1,male,47.0,0,0,25.5875,E58,S,40.0,7,0,0.0
663,0,3,male,36.0,0,0,7.4958,,S,30.0,1,0,0.0
664,1,3,male,20.0,1,0,7.925,,S,20.0,1,0,0.0
665,0,2,male,32.0,2,0,73.5,,S,30.0,1,0,0.0
666,0,2,male,25.0,0,0,13.0,,S,20.0,1,0,0.0
667,0,3,male,,0,0,7.775,,S,25.252100840336134,1,0,0.0
668,0,3,male,43.0,0,0,8.05,,S,40.0,1,0,0.0
669,1,1,female,,1,0,52.0,C126,S,25.252100840336134,4,1,0.0
670,1,2,female,40.0,1,1,39.0,,S,40.0,1,1,0.0
671,0,1,male,31.0,1,0,52.0,B71,S,30.0,6,0,0.0
672,0,2,male,70.0,0,0,10.5,,S,70.0,1,0,0.0
673,1,2,male,31.0,0,0,13.0,,S,30.0,1,0,0.0
674,0,2,male,,0,0,0.0,,S,25.252100840336134,1,0,0.0
675,0,3,male,18.0,0,0,7.775,,S,10.0,1,0,0.0
676,0,3,male,24.5,0,0,8.05,,S,20.0,1,0,0.0
677,1,3,female,18.0,0,0,9.8417,,S,10.0,1,1,0.0
678,0,3,female,43.0,1,6,46.9,,S,40.0,1,1,0.0
679,1,1,male,36.0,0,1,512.3292,B51 B53 B55,C,30.0,6,0,2.0
680,0,3,female,,0,0,8.1375,,Q,25.252100840336134,1,1,1.0
681,1,1,male,27.0,0,0,76.7292,D49,C,20.0,8,0,2.0
682,0,3,male,20.0,0,0,9.225,,S,20.0,1,0,0.0
683,0,3,male,14.0,5,2,46.9,,S,10.0,1,0,0.0
684,0,2,male,60.0,1,1,39.0,,S,60.0,1,0,0.0
685,0,2,male,25.0,1,2,41.5792,,C,20.0,1,0,2.0
686,0,3,male,14.0,4,1,39.6875,,S,10.0,1,0,0.0
687,0,3,male,19.0,0,0,10.1708,,S,10.0,1,0,0.0
688,0,3,male,18.0,0,0,7.7958,,S,10.0,1,0,0.0
689,1,1,female,15.0,0,1,211.3375,B5,S,10.0,6,1,0.0
690,1,1,male,31.0,1,0,57.0,B20,S,30.0,6,0,0.0
691,1,3,female,4.0,0,1,13.4167,,C,0.0,1,1,2.0
692,1,3,male,,0,0,56.4958,,S,25.252100840336134,1,0,0.0
693,0,3,male,25.0,0,0,7.225,,C,20.0,1,0,2.0
694,0,1,male,60.0,0,0,26.55,,S,60.0,1,0,0.0
695,0,2,male,52.0,0,0,13.5,,S,50.0,1,0,0.0
696,0,3,male,44.0,0,0,8.05,,S,40.0,1,0,0.0
697,1,3,female,,0,0,7.7333,,Q,25.252100840336134,1,1,1.0
698,0,1,male,49.0,1,1,110.8833,C68,C,40.0,4,0,2.0
699,0,3,male,42.0,0,0,7.65,F G63,S,40.0,5,0,0.0
700,1,1,female,18.0,1,0,227.525,C62 C64,C,10.0,4,1,2.0
701,1,1,male,35.0,0,0,26.2875,E24,S,30.0,7,0,0.0
702,0,3,female,18.0,0,1,14.4542,,C,10.0,1,1,2.0
703,0,3,male,25.0,0,0,7.7417,,Q,20.0,1,0,1.0
704,0,3,male,26.0,1,0,7.8542,,S,20.0,1,0,0.0
705,0,2,male,39.0,0,0,26.0,,S,30.0,1,0,0.0
706,1,2,female,45.0,0,0,13.5,,S,40.0,1,1,0.0
707,1,1,male,42.0,0,0,26.2875,E24,S,40.0,7,0,0.0
708,1,1,female,22.0,0,0,151.55,,S,20.0,1,1,0.0
709,1,3,male,,1,1,15.2458,,C,25.252100840336134,1,0,2.0
710,1,1,female,24.0,0,0,49.5042,C90,C,20.0,4,1,2.0
711,0,1,male,,0,0,26.55,C124,S,25.252100840336134,4,0,0.0
712,1,1,male,48.0,1,0,52.0,C126,S,40.0,4,0,0.0
713,0,3,male,29.0,0,0,9.4833,,S,20.0,1,0,0.0
714,0,2,male,52.0,0,0,13.0,,S,50.0,1,0,0.0
715,0,3,male,19.0,0,0,7.65,F G73,S,10.0,5,0,0.0
716,1,1,female,38.0,0,0,227.525,C45,C,30.0,4,1,2.0
717,1,2,female,27.0,0,0,10.5,E101,S,20.0,7,1,0.0
718,0,3,male,,0,0,15.5,,Q,25.252100840336134,1,0,1.0
719,0,3,male,33.0,0,0,7.775,,S,30.0,1,0,0.0
720,1,2,female,6.0,0,1,33.0,,S,0.0,1,1,0.0
721,0,3,male,17.0,1,0,7.0542,,S,10.0,1,0,0.0
722,0,2,male,34.0,0,0,13.0,,S,30.0,1,0,0.0
723,0,2,male,50.0,0,0,13.0,,S,50.0,1,0,0.0
724,1,1,male,27.0,1,0,53.1,E8,S,20.0,7,0,0.0
725,0,3,male,20.0,0,0,8.6625,,S,20.0,1,0,0.0
726,1,2,female,30.0,3,0,21.0,,S,30.0,1,1,0.0
727,1,3,female,,0,0,7.7375,,Q,25.252100840336134,1,1,1.0
728,0,2,male,25.0,1,0,26.0,,S,20.0,1,0,0.0
729,0,3,female,25.0,1,0,7.925,,S,20.0,1,1,0.0
730,1,1,female,29.0,0,0,211.3375,B5,S,20.0,6,1,0.0
731,0,3,male,11.0,0,0,18.7875,,C,10.0,1,0,2.0
732,0,2,male,,0,0,0.0,,S,25.252100840336134,1,0,0.0
733,0,2,male,23.0,0,0,13.0,,S,20.0,1,0,0.0
734,0,2,male,23.0,0,0,13.0,,S,20.0,1,0,0.0
735,0,3,male,28.5,0,0,16.1,,S,20.0,1,0,0.0
736,0,3,female,48.0,1,3,34.375,,S,40.0,1,1,0.0
737,1,1,male,35.0,0,0,512.3292,B101,C,30.0,6,0,2.0
738,0,3,male,,0,0,7.8958,,S,25.252100840336134,1,0,0.0
739,0,3,male,,0,0,7.8958,,S,25.252100840336134,1,0,0.0
740,1,1,male,,0,0,30.0,D45,S,25.252100840336134,8,0,0.0
741,0,1,male,36.0,1,0,78.85,C46,S,30.0,4,0,0.0
742,1,1,female,21.0,2,2,262.375,B57 B59 B63 B66,C,20.0,6,1,2.0
743,0,3,male,24.0,1,0,16.1,,S,20.0,1,0,0.0
744,1,3,male,31.0,0,0,7.925,,S,30.0,1,0,0.0
745,0,1,male,70.0,1,1,71.0,B22,S,70.0,6,0,0.0
746,0,3,male,16.0,1,1,20.25,,S,10.0,1,0,0.0
747,1,2,female,30.0,0,0,13.0,,S,30.0,1,1,0.0
748,0,1,male,19.0,1,0,53.1,D30,S,10.0,8,0,0.0
749,0,3,male,31.0,0,0,7.75,,Q,30.0,1,0,1.0
750,1,2,female,4.0,1,1,23.0,,S,0.0,1,1,0.0
751,1,3,male,6.0,0,1,12.475,E121,S,0.0,7,0,0.0
752,0,3,male,33.0,0,0,9.5,,S,30.0,1,0,0.0
753,0,3,male,23.0,0,0,7.8958,,S,20.0,1,0,0.0
754,1,2,female,48.0,1,2,65.0,,S,40.0,1,1,0.0
755,1,2,male,0.67,1,1,14.5,,S,0.0,1,0,0.0
756,0,3,male,28.0,0,0,7.7958,,S,20.0,1,0,0.0
757,0,2,male,18.0,0,0,11.5,,S,10.0,1,0,0.0
758,0,3,male,34.0,0,0,8.05,,S,30.0,1,0,0.0
759,1,1,female,33.0,0,0,86.5,B77,S,30.0,6,1,0.0
760,0,3,male,,0,0,14.5,,S,25.252100840336134,1,0,0.0
761,0,3,male,41.0,0,0,7.125,,S,40.0,1,0,0.0
762,1,3,male,20.0,0,0,7.2292,,C,20.0,1,0,2.0
763,1,1,female,36.0,1,2,120.0,B96 B98,S,30.0,6,1,0.0
764,0,3,male,16.0,0,0,7.775,,S,10.0,1,0,0.0
765,1,1,female,51.0,1,0,77.9583,D11,S,50.0,8,1,0.0
766,0,1,male,,0,0,39.6,,C,25.252100840336134,1,0,2.0
767,0,3,female,30.5,0,0,7.75,,Q,30.0,1,1,1.0
768,0,3,male,,1,0,24.15,,Q,25.252100840336134,1,0,1.0
769,0,3,male,32.0,0,0,8.3625,,S,30.0,1,0,0.0
770,0,3,male,24.0,0,0,9.5,,S,20.0,1,0,0.0
771,0,3,male,48.0,0,0,7.8542,,S,40.0,1,0,0.0
772,0,2,female,57.0,0,0,10.5,E77,S,50.0,7,1,0.0
773,0,3,male,,0,0,7.225,,C,25.252100840336134,1,0,2.0
774,1,2,female,54.0,1,3,23.0,,S,50.0,1,1,0.0
775,0,3,male,18.0,0,0,7.75,,S,10.0,1,0,0.0
776,0,3,male,,0,0,7.75,F38,Q,25.252100840336134,5,0,1.0
777,1,3,female,5.0,0,0,12.475,,S,0.0,1,1,0.0
778,0,3,male,,0,0,7.7375,,Q,25.252100840336134,1,0,1.0
779,1,1,female,43.0,0,1,211.3375,B3,S,40.0,6,1,0.0
780,1,3,female,13.0,0,0,7.2292,,C,10.0,1,1,2.0
781,1,1,female,17.0,1,0,57.0,B20,S,10.0,6,1,0.0
782,0,1,male,29.0,0,0,30.0,D6,S,20.0,8,0,0.0
783,0,3,male,,1,2,23.45,,S,25.252100840336134,1,0,0.0
784,0,3,male,25.0,0,0,7.05,,S,20.0,1,0,0.0
785,0,3,male,25.0,0,0,7.25,,S,20.0,1,0,0.0
786,1,3,female,18.0,0,0,7.4958,,S,10.0,1,1,0.0
787,0,3,male,8.0,4,1,29.125,,Q,0.0,1,0,1.0
788,1,3,male,1.0,1,2,20.575,,S,0.0,1,0,0.0
789,0,1,male,46.0,0,0,79.2,B82 B84,C,40.0,6,0,2.0
790,0,3,male,,0,0,7.75,,Q,25.252100840336134,1,0,1.0
791,0,2,male,16.0,0,0,26.0,,S,10.0,1,0,0.0
792,0,3,female,,8,2,69.55,,S,25.252100840336134,1,1,0.0
793,0,1,male,,0,0,30.6958,,C,25.252100840336134,1,0,2.0
794,0,3,male,25.0,0,0,7.8958,,S,20.0,1,0,0.0
795,0,2,male,39.0,0,0,13.0,,S,30.0,1,0,0.0
796,1,1,female,49.0,0,0,25.9292,D17,S,40.0,8,1,0.0
797,1,3,female,31.0,0,0,8.6833,,S,30.0,1,1,0.0
798,0,3,male,30.0,0,0,7.2292,,C,30.0,1,0,2.0
799,0,3,female,30.0,1,1,24.15,,S,30.0,1,1,0.0
800,0,2,male,34.0,0,0,13.0,,S,30.0,1,0,0.0
801,1,2,female,31.0,1,1,26.25,,S,30.0,1,1,0.0
802,1,1,male,11.0,1,2,120.0,B96 B98,S,10.0,6,0,0.0
803,1,3,male,0.42,0,1,8.5167,,C,0.0,1,0,2.0
804,1,3,male,27.0,0,0,6.975,,S,20.0,1,0,0.0
805,0,3,male,31.0,0,0,7.775,,S,30.0,1,0,0.0
806,0,1,male,39.0,0,0,0.0,A36,S,30.0,2,0,0.0
807,0,3,female,18.0,0,0,7.775,,S,10.0,1,1,0.0
808,0,2,male,39.0,0,0,13.0,,S,30.0,1,0,0.0
809,1,1,female,33.0,1,0,53.1,E8,S,30.0,7,1,0.0
810,0,3,male,26.0,0,0,7.8875,,S,20.0,1,0,0.0
811,0,3,male,39.0,0,0,24.15,,S,30.0,1,0,0.0
812,0,2,male,35.0,0,0,10.5,,S,30.0,1,0,0.0
813,0,3,female,6.0,4,2,31.275,,S,0.0,1,1,0.0
814,0,3,male,30.5,0,0,8.05,,S,30.0,1,0,0.0
815,0,1,male,,0,0,0.0,B102,S,25.252100840336134,6,0,0.0
816,0,3,female,23.0,0,0,7.925,,S,20.0,1,1,0.0
817,0,2,male,31.0,1,1,37.0042,,C,30.0,1,0,2.0
818,0,3,male,43.0,0,0,6.45,,S,40.0,1,0,0.0
819,0,3,male,10.0,3,2,27.9,,S,10.0,1,0,0.0
820,1,1,female,52.0,1,1,93.5,B69,S,50.0,6,1,0.0
821,1,3,male,27.0,0,0,8.6625,,S,20.0,1,0,0.0
822,0,1,male,38.0,0,0,0.0,,S,30.0,1,0,0.0
823,1,3,female,27.0,0,1,12.475,E121,S,20.0,7,1,0.0
824,0,3,male,2.0,4,1,39.6875,,S,0.0,1,0,0.0
825,0,3,male,,0,0,6.95,,Q,25.252100840336134,1,0,1.0
826,0,3,male,,0,0,56.4958,,S,25.252100840336134,1,0,0.0
827,1,2,male,1.0,0,2,37.0042,,C,0.0,1,0,2.0
828,1,3,male,,0,0,7.75,,Q,25.252100840336134,1,0,1.0
829,1,1,female,62.0,0,0,80.0,B28,,60.0,6,1,0.4645669291338583
830,1,3,female,15.0,1,0,14.4542,,C,10.0,1,1,2.0
831,1,2,male,0.83,1,1,18.75,,S,0.0,1,0,0.0
832,0,3,male,,0,0,7.2292,,C,25.252100840336134,1,0,2.0
833,0,3,male,23.0,0,0,7.8542,,S,20.0,1,0,0.0
834,0,3,male,18.0,0,0,8.3,,S,10.0,1,0,0.0
835,1,1,female,39.0,1,1,83.1583,E49,C,30.0,7,1,2.0
836,0,3,male,21.0,0,0,8.6625,,S,20.0,1,0,0.0
837,0,3,male,,0,0,8.05,,S,25.252100840336134,1,0,0.0
838,1,3,male,32.0,0,0,56.4958,,S,30.0,1,0,0.0
839,1,1,male,,0,0,29.7,C47,C,25.252100840336134,4,0,2.0
840,0,3,male,20.0,0,0,7.925,,S,20.0,1,0,0.0
841,0,2,male,16.0,0,0,10.5,,S,10.0,1,0,0.0
842,1,1,female,30.0,0,0,31.0,,C,30.0,1,1,2.0
843,0,3,male,34.5,0,0,6.4375,,C,30.0,1,0,2.0
844,0,3,male,17.0,0,0,8.6625,,S,10.0,1,0,0.0
845,0,3,male,42.0,0,0,7.55,,S,40.0,1,0,0.0
846,0,3,male,,8,2,69.55,,S,25.252100840336134,1,0,0.0
847,0,3,male,35.0,0,0,7.8958,,C,30.0,1,0,2.0
848,0,2,male,28.0,0,1,33.0,,S,20.0,1,0,0.0
849,1,1,female,,1,0,89.1042,C92,C,25.252100840336134,4,1,2.0
850,0,3,male,4.0,4,2,31.275,,S,0.0,1,0,0.0
851,0,3,male,74.0,0,0,7.775,,S,70.0,1,0,0.0
852,0,3,female,9.0,1,1,15.2458,,C,0.0,1,1,2.0
853,1,1,female,16.0,0,1,39.4,D28,S,10.0,8,1,0.0
854,0,2,female,44.0,1,0,26.0,,S,40.0,1,1,0.0
855,1,3,female,18.0,0,1,9.35,,S,10.0,1,1,0.0
856,1,1,female,45.0,1,1,164.8667,,S,40.0,1,1,0.0
857,1,1,male,51.0,0,0,26.55,E17,S,50.0,7,0,0.0
858,1,3,female,24.0,0,3,19.2583,,C,20.0,1,1,2.0
859,0,3,male,,0,0,7.2292,,C,25.252100840336134,1,0,2.0
860,0,3,male,41.0,2,0,14.1083,,S,40.0,1,0,0.0
861,0,2,male,21.0,1,0,11.5,,S,20.0,1,0,0.0
862,1,1,female,48.0,0,0,25.9292,D17,S,40.0,8,1,0.0
863,0,3,female,,8,2,69.55,,S,25.252100840336134,1,1,0.0
864,0,2,male,24.0,0,0,13.0,,S,20.0,1,0,0.0
865,1,2,female,42.0,0,0,13.0,,S,40.0,1,1,0.0
866,1,2,female,27.0,1,0,13.8583,,C,20.0,1,1,2.0
867,0,1,male,31.0,0,0,50.4958,A24,S,30.0,2,0,0.0
868,0,3,male,,0,0,9.5,,S,25.252100840336134,1,0,0.0
869,1,3,male,4.0,1,1,11.1333,,S,0.0,1,0,0.0
870,0,3,male,26.0,0,0,7.8958,,S,20.0,1,0,0.0
871,1,1,female,47.0,1,1,52.5542,D35,S,40.0,8,1,0.0
872,0,1,male,33.0,0,0,5.0,B51 B53 B55,S,30.0,6,0,0.0
873,0,3,male,47.0,0,0,9.0,,S,40.0,1,0,0.0
874,1,2,female,28.0,1,0,24.0,,C,20.0,1,1,2.0
875,1,3,female,15.0,0,0,7.225,,C,10.0,1,1,2.0
876,0,3,male,20.0,0,0,9.8458,,S,20.0,1,0,0.0
877,0,3,male,19.0,0,0,7.8958,,S,10.0,1,0,0.0
878,0,3,male,,0,0,7.8958,,S,25.252100840336134,1,0,0.0
879,1,1,female,56.0,0,1,83.1583,C50,C,50.0,4,1,2.0
880,1,2,female,25.0,0,1,26.0,,S,20.0,1,1,0.0
881,0,3,male,33.0,0,0,7.8958,,S,30.0,1,0,0.0
882,0,3,female,22.0,0,0,10.5167,,S,20.0,1,1,0.0
883,0,2,male,28.0,0,0,10.5,,S,20.0,1,0,0.0
884,0,3,male,25.0,0,0,7.05,,S,20.0,1,0,0.0
885,0,3,female,39.0,0,5,29.125,,Q,30.0,1,1,1.0
886,0,2,male,27.0,0,0,13.0,,S,20.0,1,0,0.0
887,1,1,female,19.0,0,0,30.0,B42,S,10.0,6,1,0.0
888,0,3,female,,1,2,23.45,,S,25.252100840336134,1,1,0.0
889,1,1,male,26.0,0,0,30.0,C148,C,20.0,4,0,2.0
890,0,3,male,32.0,0,0,7.75,,Q,30.0,1,0,1.0
